{
    "root_group": {
        "name": "",
        "path": "",
        "id": "d41d8cd98f00b204e9800998ecf8427e",
        "groups": {},
        "checks": {
                "write status is 2xx": {
                    "id": "73e350261f6fb0744f914bdf3506d4f3",
                    "passes": 51417,
                    "fails": 13638,
                    "name": "write status is 2xx",
                    "path": "::write status is 2xx"
                }
            }
    },
    "metrics": {
        "http_req_sending": {
            "avg": 1.6056705023131876,
            "min": 0,
            "med": 0,
            "max": 794.7158,
            "p(90)": 0.6489,
            "p(95)": 1.6702799999999987,
            "p(99)": 46.7364
        },
        "http_req_failed": {
            "passes": 16748,
            "fails": 56095,
            "thresholds": {
                "rate<0.30": false
            },
            "value": 0.22991914116661863
        },
        "http_reqs": {
            "count": 72843,
            "rate": 662.1505273066808
        },
        "http_req_duration": {
            "p(95)": 1552.3243999999956,
            "p(99)": 5138.316398000001,
            "avg": 395.32149194569496,
            "min": 0,
            "med": 77.9368,
            "max": 39302.4624,
            "p(90)": 553.8992,
            "thresholds": {
                "p(95)<500": true
            }
        },
        "iteration_duration": {
            "p(90)": 3307.25164,
            "p(95)": 4125.524649999999,
            "p(99)": 9497.712677999998,
            "avg": 1033.8623596633597,
            "min": 7.1976,
            "med": 169.4006,
            "max": 44979.6891
        },
        "http_req_receiving": {
            "p(99)": 111.6889560000008,
            "avg": 3.908930391389685,
            "min": 0,
            "med": 0,
            "max": 1132.0746,
            "p(90)": 2.0385400000000025,
            "p(95)": 7.584649999999963
        },
        "write_success_rate": {
            "passes": 51417,
            "fails": 13638,
            "thresholds": {
                "rate>0.70": false
            },
            "value": 0.7903620013834448
        },
        "http_req_waiting": {
            "avg": 389.80689105198917,
            "min": 0,
            "med": 75.2897,
            "max": 39299.919,
            "p(90)": 542.8325800000003,
            "p(95)": 1548.2405399999984,
            "p(99)": 4996.420506000002
        },
        "dropped_iterations": {
            "count": 108444,
            "rate": 985.7673597084921
        },
        "data_received": {
            "count": 14842194,
            "rate": 134917.1036817272
        },
        "http_req_blocked": {
            "max": 1668.0411,
            "p(90)": 0,
            "p(95)": 3.3408499999999917,
            "p(99)": 22.838214000000217,
            "avg": 2.9190408138050397,
            "min": 0,
            "med": 0
        },
        "checks": {
            "passes": 51417,
            "fails": 13638,
            "value": 0.7903620013834448
        },
        "iterations": {
            "count": 65055,
            "rate": 591.3567886267193
        },
        "writes_failed": {
            "rate": 123.97085363601873,
            "count": 13638
        },
        "writes_attempted": {
            "count": 65055,
            "rate": 591.3567886267193
        },
        "http_req_connecting": {
            "p(90)": 0,
            "p(95)": 2.782159999999992,
            "p(99)": 18.01887600000023,
            "avg": 2.7468109687959026,
            "min": 0,
            "med": 0,
            "max": 1667.018
        },
        "vus": {
            "value": 1,
            "min": 1,
            "max": 2264
        },
        "http_req_duration{expected_response:true}": {
            "p(99)": 5119.361863999999,
            "avg": 476.99818351368225,
            "min": 6.5831,
            "med": 109.9503,
            "max": 39302.4624,
            "p(90)": 716.3102799999997,
            "p(95)": 1761.6435099999994
        },
        "http_req_tls_handshaking": {
            "min": 0,
            "med": 0,
            "max": 0,
            "p(90)": 0,
            "p(95)": 0,
            "p(99)": 0,
            "avg": 0
        },
        "writes_succeeded": {
            "count": 51417,
            "rate": 467.3859349907006
        },
        "data_sent": {
            "count": 7627399,
            "rate": 69333.85870747291
        },
        "vus_max": {
            "value": 2341,
            "min": 300,
            "max": 2341
        }
    }
}