{
    "metrics": {
        "data_sent": {
            "count": 4650,
            "rate": 15501.782705011077
        },
        "http_req_duration": {
            "min": 59.1765,
            "med": 141.47465,
            "max": 230.6182,
            "p(90)": 211.75688,
            "p(95)": 215.0739,
            "avg": 142.064396
        },
        "http_req_duration{expected_response:true}": {
            "p(90)": 211.75688,
            "p(95)": 215.0739,
            "avg": 142.064396,
            "min": 59.1765,
            "med": 141.47465,
            "max": 230.6182
        },
        "http_req_tls_handshaking": {
            "avg": 0,
            "min": 0,
            "med": 0,
            "max": 0,
            "p(90)": 0,
            "p(95)": 0
        },
        "iterations": {
            "count": 50,
            "rate": 166.68583553775352
        },
        "http_req_blocked": {
            "avg": 15.276365999999998,
            "min": 12.0755,
            "med": 15.5369,
            "max": 18.4981,
            "p(90)": 17.618640000000003,
            "p(95)": 18.0852
        },
        "checks": {
            "fails": 0,
            "passes": 50,
            "value": 1
        },
        "http_req_connecting": {
            "avg": 3.531678,
            "min": 1.3479,
            "med": 3.8705,
            "max": 6.8069,
            "p(90)": 5.3734,
            "p(95)": 5.3734
        },
        "http_req_failed": {
            "passes": 0,
            "fails": 50,
            "thresholds": {
                "rate<0.1": false
            },
            "value": 0
        },
        "http_req_waiting": {
            "avg": 135.784396,
            "min": 54.2965,
            "med": 136.3458,
            "max": 228.3079,
            "p(90)": 207.15079,
            "p(95)": 210.49195
        },
        "iteration_duration": {
            "avg": 210.60002599999993,
            "min": 127.7981,
            "med": 210.5744,
            "max": 295.9229,
            "p(90)": 281.67161,
            "p(95)": 285.111905
        },
        "http_reqs": {
            "count": 50,
            "rate": 166.68583553775352
        },
        "http_req_sending": {
            "min": 0,
            "med": 0,
            "max": 1.0103,
            "p(90)": 0.5642,
            "p(95)": 0.6036899999999998,
            "avg": 0.156814
        },
        "data_received": {
            "count": 1540450,
            "rate": 5135423.907082648
        },
        "http_req_receiving": {
            "p(90)": 9.00409,
            "p(95)": 10.806304999999995,
            "avg": 6.123186,
            "min": 1.0268,
            "med": 5.8343,
            "max": 13.7439
        }
    },
    "root_group": {
        "path": "",
        "id": "d41d8cd98f00b204e9800998ecf8427e",
        "groups": {},
        "checks": {
                "status is 200": {
                    "passes": 50,
                    "fails": 0,
                    "name": "status is 200",
                    "path": "::status is 200",
                    "id": "6210a8cd14cd70477eba5c5e4cb3fb5f"
                }
            },
        "name": ""
    }
}