{
    "metrics": {
        "iterations": {
            "count": 50,
            "rate": 41.46779403776058
        },
        "http_req_duration": {
            "max": 1144.8586,
            "p(90)": 1110.941,
            "p(95)": 1129.3861299999999,
            "avg": 749.8606860000001,
            "min": 322.693,
            "med": 732.03755
        },
        "http_req_waiting": {
            "p(95)": 1125.233215,
            "avg": 742.5717920000002,
            "min": 313.1786,
            "med": 725.1595500000001,
            "max": 1142.6549,
            "p(90)": 1106.9410599999999
        },
        "http_req_receiving": {
            "min": 2.2037,
            "med": 6.4761,
            "max": 16.8853,
            "p(90)": 11.649970000000001,
            "p(95)": 13.199369999999995,
            "avg": 7.175139999999998
        },
        "vus_max": {
            "min": 50,
            "max": 50,
            "value": 50
        },
        "http_req_tls_handshaking": {
            "avg": 0,
            "min": 0,
            "med": 0,
            "max": 0,
            "p(90)": 0,
            "p(95)": 0
        },
        "checks": {
            "passes": 50,
            "fails": 0,
            "value": 1
        },
        "http_req_failed": {
            "passes": 0,
            "fails": 50,
            "thresholds": {
                "rate<0.1": false
            },
            "value": 0
        },
        "http_reqs": {
            "count": 50,
            "rate": 41.46779403776058
        },
        "http_req_duration{expected_response:true}": {
            "max": 1144.8586,
            "p(90)": 1110.941,
            "p(95)": 1129.3861299999999,
            "avg": 749.8606860000001,
            "min": 322.693,
            "med": 732.03755
        },
        "data_received": {
            "count": 1540450,
            "rate": 1277581.2665093655
        },
        "http_req_blocked": {
            "p(90)": 8.7946,
            "p(95)": 9.127064999999998,
            "avg": 7.881080000000002,
            "min": 5.9171,
            "med": 7.9673,
            "max": 9.39
        },
        "data_sent": {
            "count": 4700,
            "rate": 3897.972639549494
        },
        "iteration_duration": {
            "p(90)": 1167.7992000000002,
            "p(95)": 1188.36501,
            "avg": 809.067954,
            "min": 386.799,
            "med": 790.69955,
            "max": 1205.755
        },
        "vus": {
            "value": 16,
            "min": 16,
            "max": 16
        },
        "http_req_connecting": {
            "avg": 2.3612439999999997,
            "min": 0.5417,
            "med": 2.33,
            "max": 3.4377,
            "p(90)": 3.3672,
            "p(95)": 3.3672
        },
        "http_req_sending": {
            "avg": 0.11375399999999997,
            "min": 0,
            "med": 0,
            "max": 0.7069,
            "p(90)": 0.5417,
            "p(95)": 0.5954
        }
    },
    "root_group": {
        "groups": {},
        "checks": {
                "status is 200": {
                    "name": "status is 200",
                    "path": "::status is 200",
                    "id": "6210a8cd14cd70477eba5c5e4cb3fb5f",
                    "passes": 50,
                    "fails": 0
                }
            },
        "name": "",
        "path": "",
        "id": "d41d8cd98f00b204e9800998ecf8427e"
    }
}