{
    "root_group": {
        "name": "",
        "path": "",
        "id": "d41d8cd98f00b204e9800998ecf8427e",
        "groups": {},
        "checks": {
                "write status is 2xx": {
                    "id": "73e350261f6fb0744f914bdf3506d4f3",
                    "passes": 68210,
                    "fails": 9394,
                    "name": "write status is 2xx",
                    "path": "::write status is 2xx"
                }
            }
    },
    "metrics": {
        "write_success_rate": {
            "passes": 68210,
            "fails": 9394,
            "thresholds": {
                "rate>0.70": false
            },
            "value": 0.8789495386835731
        },
        "vus": {
            "value": 1,
            "min": 1,
            "max": 2200
        },
        "http_req_tls_handshaking": {
            "max": 0,
            "p(90)": 0,
            "p(95)": 0,
            "p(99)": 0,
            "avg": 0,
            "min": 0,
            "med": 0
        },
        "writes_attempted": {
            "count": 77604,
            "rate": 705.3732797602794
        },
        "http_req_waiting": {
            "p(90)": 377.3568800000002,
            "p(95)": 753.4579449999984,
            "p(99)": 4098.705623000008,
            "avg": 372.67081479854266,
            "min": 0,
            "med": 110.46175,
            "max": 41203.2721
        },
        "http_req_duration": {
            "min": 0,
            "med": 113.19284999999999,
            "max": 41206.2504,
            "p(90)": 386.3649100000002,
            "p(95)": 763.5073249999961,
            "p(99)": 4098.705623000008,
            "avg": 376.7863258631437,
            "thresholds": {
                "p(95)<500": true
            }
        },
        "http_reqs": {
            "count": 86718,
            "rate": 788.2140105439399
        },
        "http_req_receiving": {
            "avg": 3.285187608109002,
            "min": 0,
            "med": 0,
            "max": 1153.775,
            "p(90)": 1.3137300000000032,
            "p(95)": 3.122234999999995,
            "p(99)": 74.33464100000045
        },
        "dropped_iterations": {
            "count": 95895,
            "rate": 871.6273731072109
        },
        "http_req_connecting": {
            "p(99)": 14.199452000000095,
            "avg": 1.3894098676168705,
            "min": 0,
            "med": 0,
            "max": 586.9999,
            "p(90)": 0,
            "p(95)": 0
        },
        "http_req_sending": {
            "avg": 0.8303234564911564,
            "min": 0,
            "med": 0,
            "max": 602.3094,
            "p(90)": 0.6015300000000003,
            "p(95)": 1.114229999999999,
            "p(99)": 10.038172000000031
        },
        "vus_max": {
            "min": 300,
            "max": 2236,
            "value": 2236
        },
        "iterations": {
            "count": 77604,
            "rate": 705.3732797602794
        },
        "http_req_failed": {
            "fails": 74881,
            "passes": 11837,
            "thresholds": {
                "rate<0.30": false
            },
            "value": 0.13649991927858116
        },
        "writes_failed": {
            "count": 9394,
            "rate": 85.38576091526294
        },
        "checks": {
            "passes": 68210,
            "fails": 9394,
            "value": 0.8789495386835731
        },
        "data_received": {
            "count": 19765162,
            "rate": 179653.33159287207
        },
        "iteration_duration": {
            "avg": 939.4489674050284,
            "min": 12.1492,
            "med": 187.58355,
            "max": 45312.2481,
            "p(90)": 2618.452489999999,
            "p(95)": 5282.964489999995,
            "p(99)": 9945.110077000003
        },
        "http_req_duration{expected_response:true}": {
            "p(99)": 3544.3054799999954,
            "avg": 403.98974893364516,
            "min": 6.4112,
            "med": 139.9509,
            "max": 41206.2504,
            "p(90)": 417.8893,
            "p(95)": 879.6683
        },
        "writes_succeeded": {
            "count": 68210,
            "rate": 619.9875188450164
        },
        "data_sent": {
            "count": 10147319,
            "rate": 92232.97360707952
        },
        "http_req_blocked": {
            "min": 0,
            "med": 0,
            "max": 675.6773,
            "p(90)": 0,
            "p(95)": 1.3847599999999978,
            "p(99)": 19.01064900000005,
            "avg": 1.7566958324684685
        }
    }
}